barcode,batch_id,medicine_name,registered_date,superseded_date,reason_for_change
5000166629388,BATCH-10000,Atorvastatin 20mg,2026-01-01,2026-03-15,initial
5000122575562,BATCH-10000,Atorvastatin 20mg,2026-03-15,,FMD serialisation
5000147338124,BATCH-10001,Omeprazole 20mg,2026-01-01,,initial
5000160992979,BATCH-10002,Metformin 500mg,2026-01-01,2026-03-15,initial
5000156164955,BATCH-10002,Metformin 500mg,2026-03-15,,label correction
5000135808537,BATCH-10003,Metformin 500mg,2026-01-01,,initial
5000170855700,BATCH-10004,Metformin 500mg,2026-01-01,,initial
5000132969840,BATCH-10005,Ramipril 5mg,2026-01-01,,initial
5000140742311,BATCH-10006,Omeprazole 20mg,2026-01-01,,initial
5000196282117,BATCH-10007,Ramipril 5mg,2026-01-01,,initial
5000139436733,BATCH-10008,Salbutamol Inhaler,2026-01-01,,initial
5000118526544,BATCH-10009,Amlodipine 5mg,2026-01-01,,initial
5000145812670,BATCH-10010,Sertraline 50mg,2026-01-01,,initial
5000193926371,BATCH-10011,Ramipril 5mg,2026-01-01,,initial
5000175579548,BATCH-10012,Warfarin 5mg,2026-01-01,2026-03-15,initial
5000158718453,BATCH-10012,Warfarin 5mg,2026-03-15,,label correction
5000127232410,BATCH-10013,Omeprazole 20mg,2026-01-01,,initial
5000151837852,BATCH-10014,Warfarin 5mg,2026-01-01,,initial
5000184346088,BATCH-10015,Ramipril 5mg,2026-01-01,,initial
5000179008866,BATCH-10016,Omeprazole 20mg,2026-01-01,,initial
5000135556386,BATCH-10017,Amoxicillin 500mg,2026-01-01,2026-03-15,initial
5000198447167,BATCH-10017,Amoxicillin 500mg,2026-03-15,,new lot
5000155540424,BATCH-10018,Ramipril 5mg,2026-01-01,,initial
5000120117988,BATCH-10019,Atorvastatin 20mg,2026-01-01,,initial
5000175181648,BATCH-10020,Warfarin 5mg,2026-01-01,,initial
5000130776478,BATCH-10021,Levothyroxine 50mcg,2026-01-01,2026-03-15,initial
5000139219319,BATCH-10021,Levothyroxine 50mcg,2026-03-15,,repackaging
5000178159587,BATCH-10022,Sertraline 50mg,2026-01-01,2026-03-15,initial
5000134941004,BATCH-10022,Sertraline 50mg,2026-03-15,,repackaging
5000193131979,BATCH-10023,Sertraline 50mg,2026-01-01,2026-03-15,initial
5000198231132,BATCH-10023,Sertraline 50mg,2026-03-15,,label correction
5000119736572,BATCH-10024,Salbutamol Inhaler,2026-01-01,2026-03-15,initial
5000193370583,BATCH-10024,Salbutamol Inhaler,2026-03-15,,repackaging
5000131172421,BATCH-10025,Atorvastatin 20mg,2026-01-01,,initial
5000128024248,BATCH-10026,Warfarin 5mg,2026-01-01,,initial
5000143704923,BATCH-10027,Atorvastatin 20mg,2026-01-01,,initial
5000169302158,BATCH-10028,Metformin 500mg,2026-01-01,,initial
5000184158663,BATCH-10029,Levothyroxine 50mcg,2026-01-01,2026-03-15,initial
5000127105448,BATCH-10029,Levothyroxine 50mcg,2026-03-15,,repackaging
5000185146293,BATCH-10030,Salbutamol Inhaler,2026-01-01,,initial
5000154585178,BATCH-10031,Levothyroxine 50mcg,2026-01-01,,initial
5000136786211,BATCH-10032,Levothyroxine 50mcg,2026-01-01,,initial
5000147393469,BATCH-10033,Amoxicillin 500mg,2026-01-01,,initial
5000133966966,BATCH-10034,Salbutamol Inhaler,2026-01-01,,initial
5000161700055,BATCH-10035,Salbutamol Inhaler,2026-01-01,,initial
5000119391725,BATCH-10036,Omeprazole 20mg,2026-01-01,,initial
5000149682169,BATCH-10037,Ramipril 5mg,2026-01-01,,initial
5000183542887,BATCH-10038,Omeprazole 20mg,2026-01-01,,initial
5000138682516,BATCH-10039,Salbutamol Inhaler,2026-01-01,,initial
5000136726767,BATCH-10040,Amlodipine 5mg,2026-01-01,2026-03-15,initial
5000116202700,BATCH-10040,Amlodipine 5mg,2026-03-15,,FMD serialisation
5000142747037,BATCH-10041,Amoxicillin 500mg,2026-01-01,2026-03-15,initial
5000110744212,BATCH-10041,Amoxicillin 500mg,2026-03-15,,repackaging
5000171265269,BATCH-10042,Levothyroxine 50mcg,2026-01-01,2026-03-15,initial
5000172363359,BATCH-10042,Levothyroxine 50mcg,2026-03-15,,label correction
5000195585469,BATCH-10043,Amoxicillin 500mg,2026-01-01,,initial
5000152910691,BATCH-10044,Warfarin 5mg,2026-01-01,,initial
5000154410148,BATCH-10045,Atorvastatin 20mg,2026-01-01,,initial
5000174019136,BATCH-10046,Levothyroxine 50mcg,2026-01-01,2026-03-15,initial
5000157212267,BATCH-10046,Levothyroxine 50mcg,2026-03-15,,label correction
5000146632757,BATCH-10047,Levothyroxine 50mcg,2026-01-01,,initial
5000181688860,BATCH-10048,Metformin 500mg,2026-01-01,2026-03-15,initial
5000162884503,BATCH-10048,Metformin 500mg,2026-03-15,,repackaging
5000153868501,BATCH-10049,Atorvastatin 20mg,2026-01-01,,initial
5000156970882,BATCH-10050,Levothyroxine 50mcg,2026-01-01,,initial
5000173560289,BATCH-10051,Atorvastatin 20mg,2026-01-01,,initial
5000151746937,BATCH-10052,Sertraline 50mg,2026-01-01,2026-03-15,initial
5000113446499,BATCH-10052,Sertraline 50mg,2026-03-15,,label correction
5000150477742,BATCH-10053,Sertraline 50mg,2026-01-01,,initial
5000177908907,BATCH-10054,Sertraline 50mg,2026-01-01,,initial
5000133640702,BATCH-10055,Metformin 500mg,2026-01-01,,initial
5000170505620,BATCH-10056,Salbutamol Inhaler,2026-01-01,,initial
5000144675473,BATCH-10057,Amoxicillin 500mg,2026-01-01,,initial
5000142255732,BATCH-10058,Sertraline 50mg,2026-01-01,,initial
5000188055069,BATCH-10059,Amoxicillin 500mg,2026-01-01,,initial
5000143742830,BATCH-10060,Warfarin 5mg,2026-01-01,,initial
5000189133014,BATCH-10061,Omeprazole 20mg,2026-01-01,,initial
5000126989677,BATCH-10062,Warfarin 5mg,2026-01-01,,initial
5000173001391,BATCH-10063,Metformin 500mg,2026-01-01,,initial
5000119943140,BATCH-10064,Ramipril 5mg,2026-01-01,,initial
5000190010790,BATCH-10065,Metformin 500mg,2026-01-01,,initial
5000118083974,BATCH-10066,Omeprazole 20mg,2026-01-01,,initial
5000131009452,BATCH-10067,Atorvastatin 20mg,2026-01-01,2026-03-15,initial
5000170465583,BATCH-10067,Atorvastatin 20mg,2026-03-15,,new lot
5000198742485,BATCH-10068,Salbutamol Inhaler,2026-01-01,,initial
5000132269779,BATCH-10069,Omeprazole 20mg,2026-01-01,,initial
5000176276072,BATCH-10070,Sertraline 50mg,2026-01-01,,initial
5000188802305,BATCH-10071,Sertraline 50mg,2026-01-01,,initial
5000168503492,BATCH-10072,Salbutamol Inhaler,2026-01-01,,initial
5000176500726,BATCH-10073,Amoxicillin 500mg,2026-01-01,,initial
5000198269682,BATCH-10074,Levothyroxine 50mcg,2026-01-01,,initial
5000145843681,BATCH-10075,Amoxicillin 500mg,2026-01-01,,initial
5000183932360,BATCH-10076,Salbutamol Inhaler,2026-01-01,2026-03-15,initial
5000164759583,BATCH-10076,Salbutamol Inhaler,2026-03-15,,repackaging
5000165766169,BATCH-10077,Omeprazole 20mg,2026-01-01,,initial
5000165692629,BATCH-10078,Amoxicillin 500mg,2026-01-01,,initial
5000182287061,BATCH-10079,Warfarin 5mg,2026-01-01,,initial
5000165133300,BATCH-10080,Ramipril 5mg,2026-01-01,2026-03-15,initial
5000173481797,BATCH-10080,Ramipril 5mg,2026-03-15,,new lot
5000180591959,BATCH-10081,Levothyroxine 50mcg,2026-01-01,,initial
5000163349308,BATCH-10082,Metformin 500mg,2026-01-01,,initial
5000119183277,BATCH-10083,Ramipril 5mg,2026-01-01,,initial
5000150193656,BATCH-10084,Salbutamol Inhaler,2026-01-01,,initial
5000185957578,BATCH-10085,Metformin 500mg,2026-01-01,,initial
5000129208935,BATCH-10086,Amlodipine 5mg,2026-01-01,,initial
5000119913576,BATCH-10087,Salbutamol Inhaler,2026-01-01,,initial
5000174855088,BATCH-10088,Ramipril 5mg,2026-01-01,2026-03-15,initial
5000161185849,BATCH-10088,Ramipril 5mg,2026-03-15,,label correction
5000191390501,BATCH-10089,Sertraline 50mg,2026-01-01,,initial
5000123041121,BATCH-10090,Salbutamol Inhaler,2026-01-01,,initial
5000133574011,BATCH-10091,Metformin 500mg,2026-01-01,,initial
5000125457816,BATCH-10092,Warfarin 5mg,2026-01-01,,initial
5000162958901,BATCH-10093,Atorvastatin 20mg,2026-01-01,2026-03-15,initial
5000182017516,BATCH-10093,Atorvastatin 20mg,2026-03-15,,repackaging
5000173280554,BATCH-10094,Amoxicillin 500mg,2026-01-01,2026-03-15,initial
5000185350823,BATCH-10094,Amoxicillin 500mg,2026-03-15,,label correction
5000116086345,BATCH-10095,Sertraline 50mg,2026-01-01,,initial
5000182503409,BATCH-10096,Salbutamol Inhaler,2026-01-01,,initial
5000169509870,BATCH-10097,Amlodipine 5mg,2026-01-01,,initial
5000135475673,BATCH-10098,Omeprazole 20mg,2026-01-01,,initial
5000185776373,BATCH-10099,Amoxicillin 500mg,2026-01-01,,initial
5000147215199,BATCH-10100,Warfarin 5mg,2026-01-01,,initial
5000158082464,BATCH-10101,Amlodipine 5mg,2026-01-01,,initial
5000170166480,BATCH-10102,Omeprazole 20mg,2026-01-01,,initial
5000118163847,BATCH-10103,Warfarin 5mg,2026-01-01,,initial
5000129909029,BATCH-10104,Levothyroxine 50mcg,2026-01-01,2026-03-15,initial
5000146912022,BATCH-10104,Levothyroxine 50mcg,2026-03-15,,label correction
5000170606674,BATCH-10105,Levothyroxine 50mcg,2026-01-01,,initial
5000160237832,BATCH-10106,Levothyroxine 50mcg,2026-01-01,,initial
5000118050510,BATCH-10107,Amoxicillin 500mg,2026-01-01,,initial
5000190585678,BATCH-10108,Warfarin 5mg,2026-01-01,,initial
5000147388792,BATCH-10109,Atorvastatin 20mg,2026-01-01,,initial
5000155610493,BATCH-10110,Levothyroxine 50mcg,2026-01-01,,initial
5000160491958,BATCH-10111,Amlodipine 5mg,2026-01-01,,initial
5000131127198,BATCH-10112,Ramipril 5mg,2026-01-01,,initial
5000178765957,BATCH-10113,Metformin 500mg,2026-01-01,2026-03-15,initial
5000167702031,BATCH-10113,Metformin 500mg,2026-03-15,,repackaging
5000150455821,BATCH-10114,Salbutamol Inhaler,2026-01-01,,initial
5000140884937,BATCH-10115,Amlodipine 5mg,2026-01-01,,initial
5000167617561,BATCH-10116,Ramipril 5mg,2026-01-01,,initial
5000124208709,BATCH-10117,Levothyroxine 50mcg,2026-01-01,,initial
5000178515906,BATCH-10118,Sertraline 50mg,2026-01-01,,initial
5000129655410,BATCH-10119,Warfarin 5mg,2026-01-01,,initial
5000170251043,BATCH-10120,Amlodipine 5mg,2026-01-01,,initial
5000146866075,BATCH-10121,Sertraline 50mg,2026-01-01,,initial
5000192545028,BATCH-10122,Ramipril 5mg,2026-01-01,,initial
5000191202508,BATCH-10123,Levothyroxine 50mcg,2026-01-01,,initial
5000115253567,BATCH-10124,Amlodipine 5mg,2026-01-01,,initial
5000155414869,BATCH-10125,Amoxicillin 500mg,2026-01-01,,initial
5000154743095,BATCH-10126,Metformin 500mg,2026-01-01,2026-03-15,initial
5000199068509,BATCH-10126,Metformin 500mg,2026-03-15,,FMD serialisation
5000160557040,BATCH-10127,Ramipril 5mg,2026-01-01,,initial
5000112446861,BATCH-10128,Ramipril 5mg,2026-01-01,,initial
5000123574883,BATCH-10129,Amlodipine 5mg,2026-01-01,,initial
5000134272734,BATCH-10130,Warfarin 5mg,2026-01-01,,initial
5000148242379,BATCH-10131,Sertraline 50mg,2026-01-01,,initial
5000186560394,BATCH-10132,Amoxicillin 500mg,2026-01-01,,initial
5000143554863,BATCH-10133,Amoxicillin 500mg,2026-01-01,2026-03-15,initial
5000174503785,BATCH-10133,Amoxicillin 500mg,2026-03-15,,label correction
5000178901038,BATCH-10134,Warfarin 5mg,2026-01-01,2026-03-15,initial
5000168716573,BATCH-10134,Warfarin 5mg,2026-03-15,,repackaging
5000161830338,BATCH-10135,Omeprazole 20mg,2026-01-01,,initial
5000115140967,BATCH-10136,Ramipril 5mg,2026-01-01,,initial
5000138944689,BATCH-10137,Amoxicillin 500mg,2026-01-01,,initial
5000193592219,BATCH-10138,Warfarin 5mg,2026-01-01,,initial
5000110209961,BATCH-10139,Atorvastatin 20mg,2026-01-01,,initial
5000178131950,BATCH-10140,Omeprazole 20mg,2026-01-01,,initial
5000198195059,BATCH-10141,Levothyroxine 50mcg,2026-01-01,,initial
5000128099607,BATCH-10142,Sertraline 50mg,2026-01-01,2026-03-15,initial
5000171428713,BATCH-10142,Sertraline 50mg,2026-03-15,,repackaging
5000182884346,BATCH-10143,Salbutamol Inhaler,2026-01-01,,initial
5000168646621,BATCH-10144,Metformin 500mg,2026-01-01,,initial
5000121087928,BATCH-10145,Amoxicillin 500mg,2026-01-01,,initial
5000198707076,BATCH-10146,Atorvastatin 20mg,2026-01-01,,initial
5000146850196,BATCH-10147,Amoxicillin 500mg,2026-01-01,,initial
5000168810561,BATCH-10148,Metformin 500mg,2026-01-01,2026-03-15,initial
5000119023909,BATCH-10148,Metformin 500mg,2026-03-15,,FMD serialisation
5000169584522,BATCH-10149,Ramipril 5mg,2026-01-01,,initial
5000176980546,BATCH-10150,Sertraline 50mg,2026-01-01,,initial
5000126460116,BATCH-10151,Warfarin 5mg,2026-01-01,2026-03-15,initial
5000119939096,BATCH-10151,Warfarin 5mg,2026-03-15,,new lot
5000148971765,BATCH-10152,Amlodipine 5mg,2026-01-01,,initial
5000113527782,BATCH-10153,Amlodipine 5mg,2026-01-01,,initial
5000163440127,BATCH-10154,Sertraline 50mg,2026-01-01,,initial
5000179438885,BATCH-10155,Amoxicillin 500mg,2026-01-01,,initial
5000150818905,BATCH-10156,Warfarin 5mg,2026-01-01,2026-03-15,initial
5000153306792,BATCH-10156,Warfarin 5mg,2026-03-15,,FMD serialisation
5000122539748,BATCH-10157,Ramipril 5mg,2026-01-01,,initial
5000120901547,BATCH-10158,Amlodipine 5mg,2026-01-01,2026-03-15,initial
5000196094462,BATCH-10158,Amlodipine 5mg,2026-03-15,,label correction
5000164504816,BATCH-10159,Omeprazole 20mg,2026-01-01,,initial
5000152857920,BATCH-10160,Atorvastatin 20mg,2026-01-01,,initial
5000145899440,BATCH-10161,Ramipril 5mg,2026-01-01,,initial
5000187535841,BATCH-10162,Amlodipine 5mg,2026-01-01,,initial
5000177839607,BATCH-10163,Omeprazole 20mg,2026-01-01,,initial
5000111097552,BATCH-10164,Omeprazole 20mg,2026-01-01,,initial
5000186541906,BATCH-10165,Levothyroxine 50mcg,2026-01-01,,initial
5000127268907,BATCH-10166,Ramipril 5mg,2026-01-01,,initial
5000177119320,BATCH-10167,Levothyroxine 50mcg,2026-01-01,2026-03-15,initial
5000115222944,BATCH-10167,Levothyroxine 50mcg,2026-03-15,,FMD serialisation
5000162741471,BATCH-10168,Ramipril 5mg,2026-01-01,,initial
5000159440148,BATCH-10169,Salbutamol Inhaler,2026-01-01,,initial
5000145638891,BATCH-10170,Atorvastatin 20mg,2026-01-01,,initial
5000142507072,BATCH-10171,Sertraline 50mg,2026-01-01,2026-03-15,initial
5000124749927,BATCH-10171,Sertraline 50mg,2026-03-15,,FMD serialisation
5000173297813,BATCH-10172,Metformin 500mg,2026-01-01,,initial
5000171694994,BATCH-10173,Metformin 500mg,2026-01-01,,initial
5000135805259,BATCH-10174,Ramipril 5mg,2026-01-01,,initial
5000174398125,BATCH-10175,Salbutamol Inhaler,2026-01-01,,initial
5000115646068,BATCH-10176,Salbutamol Inhaler,2026-01-01,,initial
5000185432781,BATCH-10177,Atorvastatin 20mg,2026-01-01,,initial
5000117045237,BATCH-10178,Amlodipine 5mg,2026-01-01,2026-03-15,initial
5000154331259,BATCH-10178,Amlodipine 5mg,2026-03-15,,new lot
5000136770527,BATCH-10179,Atorvastatin 20mg,2026-01-01,,initial
5000115006085,BATCH-10180,Salbutamol Inhaler,2026-01-01,,initial
5000148851599,BATCH-10181,Amlodipine 5mg,2026-01-01,,initial
5000128012011,BATCH-10182,Metformin 500mg,2026-01-01,,initial
5000155246430,BATCH-10183,Amoxicillin 500mg,2026-01-01,,initial
5000199826000,BATCH-10184,Sertraline 50mg,2026-01-01,2026-03-15,initial
5000128872606,BATCH-10184,Sertraline 50mg,2026-03-15,,new lot
5000186890296,BATCH-10185,Ramipril 5mg,2026-01-01,2026-03-15,initial
5000197735896,BATCH-10185,Ramipril 5mg,2026-03-15,,label correction
5000195726382,BATCH-10186,Omeprazole 20mg,2026-01-01,,initial
5000183717007,BATCH-10187,Salbutamol Inhaler,2026-01-01,,initial
5000158557943,BATCH-10188,Warfarin 5mg,2026-01-01,2026-03-15,initial
5000185721444,BATCH-10188,Warfarin 5mg,2026-03-15,,repackaging
5000188268756,BATCH-10189,Metformin 500mg,2026-01-01,,initial
5000172059365,BATCH-10190,Warfarin 5mg,2026-01-01,,initial
5000156241881,BATCH-10191,Salbutamol Inhaler,2026-01-01,,initial
5000196104027,BATCH-10192,Warfarin 5mg,2026-01-01,,initial
5000125922674,BATCH-10193,Levothyroxine 50mcg,2026-01-01,2026-03-15,initial
5000182109613,BATCH-10193,Levothyroxine 50mcg,2026-03-15,,new lot
5000181394920,BATCH-10194,Warfarin 5mg,2026-01-01,,initial
5000142301683,BATCH-10195,Omeprazole 20mg,2026-01-01,,initial
5000141452485,BATCH-10196,Atorvastatin 20mg,2026-01-01,,initial
5000153038943,BATCH-10197,Metformin 500mg,2026-01-01,,initial
5000176521096,BATCH-10198,Amlodipine 5mg,2026-01-01,2026-03-15,initial
5000156226575,BATCH-10198,Amlodipine 5mg,2026-03-15,,new lot
5000140245233,BATCH-10199,Warfarin 5mg,2026-01-01,,initial
5000144224936,BATCH-10200,Amlodipine 5mg,2026-01-01,,initial
5000191197624,BATCH-10201,Atorvastatin 20mg,2026-01-01,,initial
5000150693207,BATCH-10202,Atorvastatin 20mg,2026-01-01,,initial
5000137449289,BATCH-10203,Metformin 500mg,2026-01-01,,initial
5000178829070,BATCH-10204,Omeprazole 20mg,2026-01-01,,initial
5000165556767,BATCH-10205,Amoxicillin 500mg,2026-01-01,2026-03-15,initial
5000139698906,BATCH-10205,Amoxicillin 500mg,2026-03-15,,FMD serialisation
5000140872577,BATCH-10206,Metformin 500mg,2026-01-01,,initial
5000132579937,BATCH-10207,Omeprazole 20mg,2026-01-01,,initial
5000119976458,BATCH-10208,Ramipril 5mg,2026-01-01,,initial
5000177878323,BATCH-10209,Metformin 500mg,2026-01-01,,initial
5000146875077,BATCH-10210,Metformin 500mg,2026-01-01,,initial
5000142342289,BATCH-10211,Salbutamol Inhaler,2026-01-01,2026-03-15,initial
5000180659726,BATCH-10211,Salbutamol Inhaler,2026-03-15,,label correction
5000120820219,BATCH-10212,Ramipril 5mg,2026-01-01,,initial
5000177089857,BATCH-10213,Metformin 500mg,2026-01-01,,initial
5000116249441,BATCH-10214,Ramipril 5mg,2026-01-01,,initial
5000150168264,BATCH-10215,Salbutamol Inhaler,2026-01-01,2026-03-15,initial
5000142275631,BATCH-10215,Salbutamol Inhaler,2026-03-15,,new lot
5000117207013,BATCH-10216,Warfarin 5mg,2026-01-01,2026-03-15,initial
5000141157840,BATCH-10216,Warfarin 5mg,2026-03-15,,repackaging
5000160388958,BATCH-10217,Ramipril 5mg,2026-01-01,,initial
5000130699187,BATCH-10218,Sertraline 50mg,2026-01-01,,initial
5000127784789,BATCH-10219,Amlodipine 5mg,2026-01-01,2026-03-15,initial
5000167845091,BATCH-10219,Amlodipine 5mg,2026-03-15,,new lot
5000161705758,BATCH-10220,Warfarin 5mg,2026-01-01,2026-03-15,initial
5000165540647,BATCH-10220,Warfarin 5mg,2026-03-15,,new lot
5000176185975,BATCH-10221,Atorvastatin 20mg,2026-01-01,2026-03-15,initial
5000132442197,BATCH-10221,Atorvastatin 20mg,2026-03-15,,new lot
5000136246038,BATCH-10222,Salbutamol Inhaler,2026-01-01,,initial
5000167796330,BATCH-10223,Amlodipine 5mg,2026-01-01,,initial
5000149117508,BATCH-10224,Sertraline 50mg,2026-01-01,,initial
5000189487366,BATCH-10225,Amoxicillin 500mg,2026-01-01,,initial
5000177015343,BATCH-10226,Amlodipine 5mg,2026-01-01,2026-03-15,initial
5000150645509,BATCH-10226,Amlodipine 5mg,2026-03-15,,FMD serialisation
5000181721578,BATCH-10227,Salbutamol Inhaler,2026-01-01,,initial
5000198261798,BATCH-10228,Levothyroxine 50mcg,2026-01-01,,initial
5000111415698,BATCH-10229,Amlodipine 5mg,2026-01-01,2026-03-15,initial
5000139796480,BATCH-10229,Amlodipine 5mg,2026-03-15,,FMD serialisation
5000174796438,BATCH-10230,Amoxicillin 500mg,2026-01-01,2026-03-15,initial
5000165831276,BATCH-10230,Amoxicillin 500mg,2026-03-15,,repackaging
5000123102741,BATCH-10231,Atorvastatin 20mg,2026-01-01,,initial
5000142737441,BATCH-10232,Amoxicillin 500mg,2026-01-01,,initial
5000198222374,BATCH-10233,Warfarin 5mg,2026-01-01,,initial
5000118397164,BATCH-10234,Metformin 500mg,2026-01-01,,initial
5000152064387,BATCH-10235,Warfarin 5mg,2026-01-01,,initial
5000192474715,BATCH-10236,Sertraline 50mg,2026-01-01,,initial
5000166135102,BATCH-10237,Amlodipine 5mg,2026-01-01,,initial
5000175718640,BATCH-10238,Sertraline 50mg,2026-01-01,,initial
5000161532114,BATCH-10239,Amlodipine 5mg,2026-01-01,,initial
5000114142053,BATCH-10240,Warfarin 5mg,2026-01-01,,initial
5000183782999,BATCH-10241,Omeprazole 20mg,2026-01-01,,initial
5000139332201,BATCH-10242,Sertraline 50mg,2026-01-01,,initial
5000141802361,BATCH-10243,Atorvastatin 20mg,2026-01-01,,initial
5000117966873,BATCH-10244,Sertraline 50mg,2026-01-01,,initial
5000122780905,BATCH-10245,Warfarin 5mg,2026-01-01,2026-03-15,initial
5000165243509,BATCH-10245,Warfarin 5mg,2026-03-15,,repackaging
5000129081953,BATCH-10246,Salbutamol Inhaler,2026-01-01,,initial
5000159535894,BATCH-10247,Salbutamol Inhaler,2026-01-01,,initial
5000181729237,BATCH-10248,Amoxicillin 500mg,2026-01-01,,initial
5000175140950,BATCH-10249,Levothyroxine 50mcg,2026-01-01,,initial
5000110090721,BATCH-10250,Metformin 500mg,2026-01-01,,initial
5000158376818,BATCH-10251,Levothyroxine 50mcg,2026-01-01,,initial
5000122240547,BATCH-10252,Ramipril 5mg,2026-01-01,,initial
5000156113741,BATCH-10253,Metformin 500mg,2026-01-01,,initial
5000128405182,BATCH-10254,Levothyroxine 50mcg,2026-01-01,,initial
5000138595818,BATCH-10255,Amlodipine 5mg,2026-01-01,,initial
5000126529882,BATCH-10256,Amlodipine 5mg,2026-01-01,,initial
5000190664728,BATCH-10257,Levothyroxine 50mcg,2026-01-01,,initial
5000191460345,BATCH-10258,Sertraline 50mg,2026-01-01,,initial
5000177052833,BATCH-10259,Levothyroxine 50mcg,2026-01-01,,initial
5000173218512,BATCH-10260,Atorvastatin 20mg,2026-01-01,,initial
5000148451741,BATCH-10261,Atorvastatin 20mg,2026-01-01,,initial
5000121220209,BATCH-10262,Warfarin 5mg,2026-01-01,,initial
5000168718382,BATCH-10263,Warfarin 5mg,2026-01-01,,initial
5000199399687,BATCH-10264,Omeprazole 20mg,2026-01-01,,initial
5000144795538,BATCH-10265,Amlodipine 5mg,2026-01-01,2026-03-15,initial
5000127036337,BATCH-10265,Amlodipine 5mg,2026-03-15,,label correction
5000171095611,BATCH-10266,Atorvastatin 20mg,2026-01-01,,initial
5000125479814,BATCH-10267,Metformin 500mg,2026-01-01,,initial
5000134019729,BATCH-10268,Warfarin 5mg,2026-01-01,,initial
5000126025721,BATCH-10269,Metformin 500mg,2026-01-01,,initial
5000153929586,BATCH-10270,Metformin 500mg,2026-01-01,2026-03-15,initial
5000171303434,BATCH-10270,Metformin 500mg,2026-03-15,,repackaging
5000176217748,BATCH-10271,Ramipril 5mg,2026-01-01,,initial
5000110196231,BATCH-10272,Omeprazole 20mg,2026-01-01,,initial
5000115892193,BATCH-10273,Levothyroxine 50mcg,2026-01-01,,initial
5000195525640,BATCH-10274,Warfarin 5mg,2026-01-01,,initial
5000152688984,BATCH-10275,Atorvastatin 20mg,2026-01-01,,initial
5000170339827,BATCH-10276,Omeprazole 20mg,2026-01-01,,initial
5000122136086,BATCH-10277,Levothyroxine 50mcg,2026-01-01,2026-03-15,initial
5000150831043,BATCH-10277,Levothyroxine 50mcg,2026-03-15,,repackaging
5000133336132,BATCH-10278,Omeprazole 20mg,2026-01-01,2026-03-15,initial
5000164276605,BATCH-10278,Omeprazole 20mg,2026-03-15,,new lot
5000127544302,BATCH-10279,Warfarin 5mg,2026-01-01,2026-03-15,initial
5000163765180,BATCH-10279,Warfarin 5mg,2026-03-15,,label correction
5000154499873,BATCH-10280,Atorvastatin 20mg,2026-01-01,2026-03-15,initial
5000171873691,BATCH-10280,Atorvastatin 20mg,2026-03-15,,repackaging
5000138818707,BATCH-10281,Amlodipine 5mg,2026-01-01,,initial
5000165296657,BATCH-10282,Salbutamol Inhaler,2026-01-01,,initial
5000112621269,BATCH-10283,Amoxicillin 500mg,2026-01-01,,initial
5000113498112,BATCH-10284,Ramipril 5mg,2026-01-01,,initial
5000131424479,BATCH-10285,Omeprazole 20mg,2026-01-01,2026-03-15,initial
5000198162850,BATCH-10285,Omeprazole 20mg,2026-03-15,,FMD serialisation
5000189526622,BATCH-10286,Salbutamol Inhaler,2026-01-01,,initial
5000151480401,BATCH-10287,Ramipril 5mg,2026-01-01,2026-03-15,initial
5000115095407,BATCH-10287,Ramipril 5mg,2026-03-15,,repackaging
5000155735904,BATCH-10288,Metformin 500mg,2026-01-01,,initial
5000160142505,BATCH-10289,Ramipril 5mg,2026-01-01,,initial
5000185427317,BATCH-10290,Levothyroxine 50mcg,2026-01-01,,initial
5000110241310,BATCH-10291,Sertraline 50mg,2026-01-01,,initial
5000195851936,BATCH-10292,Sertraline 50mg,2026-01-01,,initial
5000111529494,BATCH-10293,Amoxicillin 500mg,2026-01-01,,initial
5000132325567,BATCH-10294,Omeprazole 20mg,2026-01-01,,initial
5000170570772,BATCH-10295,Amoxicillin 500mg,2026-01-01,2026-03-15,initial
5000114484588,BATCH-10295,Amoxicillin 500mg,2026-03-15,,label correction
5000183423305,BATCH-10296,Metformin 500mg,2026-01-01,,initial
5000168277389,BATCH-10297,Atorvastatin 20mg,2026-01-01,2026-03-15,initial
5000123590593,BATCH-10297,Atorvastatin 20mg,2026-03-15,,label correction
5000122873617,BATCH-10298,Omeprazole 20mg,2026-01-01,2026-03-15,initial
5000186741644,BATCH-10298,Omeprazole 20mg,2026-03-15,,new lot
5000123017361,BATCH-10299,Amlodipine 5mg,2026-01-01,2026-03-15,initial
5000132928708,BATCH-10299,Amlodipine 5mg,2026-03-15,,label correction
5000183031359,BATCH-10300,Atorvastatin 20mg,2026-01-01,,initial
5000146045780,BATCH-10301,Ramipril 5mg,2026-01-01,,initial
5000118185099,BATCH-10302,Amlodipine 5mg,2026-01-01,,initial
5000120597167,BATCH-10303,Warfarin 5mg,2026-01-01,,initial
5000166824417,BATCH-10304,Metformin 500mg,2026-01-01,2026-03-15,initial
5000168437492,BATCH-10304,Metformin 500mg,2026-03-15,,FMD serialisation
5000184095459,BATCH-10305,Amlodipine 5mg,2026-01-01,,initial
5000165625517,BATCH-10306,Salbutamol Inhaler,2026-01-01,2026-03-15,initial
5000186046949,BATCH-10306,Salbutamol Inhaler,2026-03-15,,repackaging
5000191733516,BATCH-10307,Atorvastatin 20mg,2026-01-01,,initial
5000141887353,BATCH-10308,Amlodipine 5mg,2026-01-01,2026-03-15,initial
5000173782705,BATCH-10308,Amlodipine 5mg,2026-03-15,,label correction
5000128036919,BATCH-10309,Ramipril 5mg,2026-01-01,,initial
5000175023164,BATCH-10310,Amoxicillin 500mg,2026-01-01,,initial
5000186325904,BATCH-10311,Ramipril 5mg,2026-01-01,2026-03-15,initial
5000135872271,BATCH-10311,Ramipril 5mg,2026-03-15,,FMD serialisation
5000177796914,BATCH-10312,Metformin 500mg,2026-01-01,,initial
5000156943979,BATCH-10313,Atorvastatin 20mg,2026-01-01,,initial
5000137746963,BATCH-10314,Salbutamol Inhaler,2026-01-01,,initial
5000111135982,BATCH-10315,Levothyroxine 50mcg,2026-01-01,,initial
5000143822694,BATCH-10316,Sertraline 50mg,2026-01-01,,initial
5000150060760,BATCH-10317,Salbutamol Inhaler,2026-01-01,,initial
5000179429969,BATCH-10318,Amoxicillin 500mg,2026-01-01,,initial
5000166178935,BATCH-10319,Metformin 500mg,2026-01-01,,initial
5000150291467,BATCH-10320,Metformin 500mg,2026-01-01,,initial
5000155047826,BATCH-10321,Warfarin 5mg,2026-01-01,,initial
5000172244897,BATCH-10322,Omeprazole 20mg,2026-01-01,,initial
5000161226775,BATCH-10323,Amoxicillin 500mg,2026-01-01,,initial
5000152464268,BATCH-10324,Levothyroxine 50mcg,2026-01-01,,initial
5000138102825,BATCH-10325,Amlodipine 5mg,2026-01-01,,initial
5000167582820,BATCH-10326,Amlodipine 5mg,2026-01-01,,initial
5000112404661,BATCH-10327,Levothyroxine 50mcg,2026-01-01,,initial
5000132417070,BATCH-10328,Omeprazole 20mg,2026-01-01,2026-03-15,initial
5000116136213,BATCH-10328,Omeprazole 20mg,2026-03-15,,label correction
5000175790669,BATCH-10329,Salbutamol Inhaler,2026-01-01,,initial
5000112941149,BATCH-10330,Omeprazole 20mg,2026-01-01,,initial
5000189715138,BATCH-10331,Amlodipine 5mg,2026-01-01,,initial
5000130552371,BATCH-10332,Atorvastatin 20mg,2026-01-01,,initial
5000124081350,BATCH-10333,Metformin 500mg,2026-01-01,,initial
5000137068117,BATCH-10334,Sertraline 50mg,2026-01-01,,initial
5000110367488,BATCH-10335,Levothyroxine 50mcg,2026-01-01,2026-03-15,initial
5000121945758,BATCH-10335,Levothyroxine 50mcg,2026-03-15,,repackaging
5000141025808,BATCH-10336,Sertraline 50mg,2026-01-01,,initial
5000167176108,BATCH-10337,Salbutamol Inhaler,2026-01-01,,initial
5000122475714,BATCH-10338,Atorvastatin 20mg,2026-01-01,,initial
5000132384662,BATCH-10339,Ramipril 5mg,2026-01-01,2026-03-15,initial
5000117871385,BATCH-10339,Ramipril 5mg,2026-03-15,,FMD serialisation
5000158130331,BATCH-10340,Atorvastatin 20mg,2026-01-01,,initial
5000152176303,BATCH-10341,Amlodipine 5mg,2026-01-01,2026-03-15,initial
5000180439867,BATCH-10341,Amlodipine 5mg,2026-03-15,,FMD serialisation
5000192263926,BATCH-10342,Ramipril 5mg,2026-01-01,2026-03-15,initial
5000196355513,BATCH-10342,Ramipril 5mg,2026-03-15,,FMD serialisation
5000147333618,BATCH-10343,Warfarin 5mg,2026-01-01,2026-03-15,initial
5000139891163,BATCH-10343,Warfarin 5mg,2026-03-15,,new lot
5000125932563,BATCH-10344,Levothyroxine 50mcg,2026-01-01,,initial
5000178227936,BATCH-10345,Metformin 500mg,2026-01-01,,initial
5000198203489,BATCH-10346,Amoxicillin 500mg,2026-01-01,,initial
5000160182714,BATCH-10347,Amoxicillin 500mg,2026-01-01,,initial
5000135171649,BATCH-10348,Metformin 500mg,2026-01-01,2026-03-15,initial
5000162733674,BATCH-10348,Metformin 500mg,2026-03-15,,FMD serialisation
5000171389561,BATCH-10349,Amoxicillin 500mg,2026-01-01,,initial
5000178227286,BATCH-10350,Warfarin 5mg,2026-01-01,,initial
5000161628545,BATCH-10351,Amlodipine 5mg,2026-01-01,,initial
5000190869462,BATCH-10352,Sertraline 50mg,2026-01-01,,initial
5000138147161,BATCH-10353,Warfarin 5mg,2026-01-01,,initial
5000157276557,BATCH-10354,Salbutamol Inhaler,2026-01-01,,initial
5000124290224,BATCH-10355,Sertraline 50mg,2026-01-01,2026-03-15,initial
5000129505421,BATCH-10355,Sertraline 50mg,2026-03-15,,repackaging
5000149613096,BATCH-10356,Metformin 500mg,2026-01-01,,initial
5000162195484,BATCH-10357,Warfarin 5mg,2026-01-01,,initial
5000143734435,BATCH-10358,Salbutamol Inhaler,2026-01-01,,initial
5000136369633,BATCH-10359,Amoxicillin 500mg,2026-01-01,,initial
5000115453834,BATCH-10360,Omeprazole 20mg,2026-01-01,,initial
5000130629718,BATCH-10361,Warfarin 5mg,2026-01-01,,initial
5000158061434,BATCH-10362,Sertraline 50mg,2026-01-01,2026-03-15,initial
5000152662313,BATCH-10362,Sertraline 50mg,2026-03-15,,FMD serialisation
5000138635863,BATCH-10363,Amlodipine 5mg,2026-01-01,,initial
5000199783401,BATCH-10364,Ramipril 5mg,2026-01-01,,initial
5000182509424,BATCH-10365,Omeprazole 20mg,2026-01-01,,initial
5000121052218,BATCH-10366,Metformin 500mg,2026-01-01,,initial
5000182176148,BATCH-10367,Amlodipine 5mg,2026-01-01,,initial
5000117283737,BATCH-10368,Levothyroxine 50mcg,2026-01-01,2026-03-15,initial
5000143810519,BATCH-10368,Levothyroxine 50mcg,2026-03-15,,repackaging
5000162278055,BATCH-10369,Sertraline 50mg,2026-01-01,,initial
5000124245271,BATCH-10370,Warfarin 5mg,2026-01-01,,initial
5000181600831,BATCH-10371,Salbutamol Inhaler,2026-01-01,,initial
5000128974879,BATCH-10372,Levothyroxine 50mcg,2026-01-01,2026-03-15,initial
5000110675093,BATCH-10372,Levothyroxine 50mcg,2026-03-15,,new lot
5000131602928,BATCH-10373,Warfarin 5mg,2026-01-01,2026-03-15,initial
5000192796892,BATCH-10373,Warfarin 5mg,2026-03-15,,label correction
5000119817298,BATCH-10374,Omeprazole 20mg,2026-01-01,,initial
5000148270459,BATCH-10375,Atorvastatin 20mg,2026-01-01,,initial
5000186082915,BATCH-10376,Omeprazole 20mg,2026-01-01,,initial
5000158249394,BATCH-10377,Ramipril 5mg,2026-01-01,2026-03-15,initial
5000154501625,BATCH-10377,Ramipril 5mg,2026-03-15,,new lot
5000147663633,BATCH-10378,Amoxicillin 500mg,2026-01-01,,initial
5000114186818,BATCH-10379,Amlodipine 5mg,2026-01-01,,initial
5000197766064,BATCH-10380,Sertraline 50mg,2026-01-01,,initial
5000122153955,BATCH-10381,Ramipril 5mg,2026-01-01,,initial
5000131370471,BATCH-10382,Warfarin 5mg,2026-01-01,2026-03-15,initial
5000185942072,BATCH-10382,Warfarin 5mg,2026-03-15,,FMD serialisation
5000199736040,BATCH-10383,Amoxicillin 500mg,2026-01-01,,initial
5000179977486,BATCH-10384,Ramipril 5mg,2026-01-01,,initial
5000179345320,BATCH-10385,Salbutamol Inhaler,2026-01-01,,initial
5000128652010,BATCH-10386,Omeprazole 20mg,2026-01-01,,initial
5000198732634,BATCH-10387,Omeprazole 20mg,2026-01-01,,initial
5000115790734,BATCH-10388,Ramipril 5mg,2026-01-01,2026-03-15,initial
5000189503557,BATCH-10388,Ramipril 5mg,2026-03-15,,FMD serialisation
5000190444404,BATCH-10389,Amlodipine 5mg,2026-01-01,,initial
5000165132193,BATCH-10390,Metformin 500mg,2026-01-01,,initial
5000119239937,BATCH-10391,Sertraline 50mg,2026-01-01,,initial
5000122924976,BATCH-10392,Levothyroxine 50mcg,2026-01-01,2026-03-15,initial
5000192510102,BATCH-10392,Levothyroxine 50mcg,2026-03-15,,repackaging
5000166463253,BATCH-10393,Warfarin 5mg,2026-01-01,,initial
5000167108220,BATCH-10394,Metformin 500mg,2026-01-01,2026-03-15,initial
5000174040812,BATCH-10394,Metformin 500mg,2026-03-15,,FMD serialisation
5000125814687,BATCH-10395,Atorvastatin 20mg,2026-01-01,,initial
5000145071480,BATCH-10396,Levothyroxine 50mcg,2026-01-01,,initial
5000133987338,BATCH-10397,Levothyroxine 50mcg,2026-01-01,,initial
5000140839382,BATCH-10398,Warfarin 5mg,2026-01-01,,initial
5000195345915,BATCH-10399,Amlodipine 5mg,2026-01-01,2026-03-15,initial
5000122225702,BATCH-10399,Amlodipine 5mg,2026-03-15,,FMD serialisation
5000163773642,BATCH-10400,Amoxicillin 500mg,2026-01-01,,initial
5000137072687,BATCH-10401,Warfarin 5mg,2026-01-01,,initial
5000114840043,BATCH-10402,Warfarin 5mg,2026-01-01,,initial
5000136885204,BATCH-10403,Metformin 500mg,2026-01-01,,initial
5000191384718,BATCH-10404,Atorvastatin 20mg,2026-01-01,,initial
5000149493811,BATCH-10405,Amoxicillin 500mg,2026-01-01,,initial
5000174911705,BATCH-10406,Atorvastatin 20mg,2026-01-01,,initial
5000161361533,BATCH-10407,Ramipril 5mg,2026-01-01,,initial
5000122483514,BATCH-10408,Omeprazole 20mg,2026-01-01,,initial
5000135523849,BATCH-10409,Ramipril 5mg,2026-01-01,,initial
5000124319594,BATCH-10410,Omeprazole 20mg,2026-01-01,2026-03-15,initial
5000120534423,BATCH-10410,Omeprazole 20mg,2026-03-15,,new lot
5000187110685,BATCH-10411,Sertraline 50mg,2026-01-01,,initial
5000180563016,BATCH-10412,Amoxicillin 500mg,2026-01-01,,initial
5000152365995,BATCH-10413,Amoxicillin 500mg,2026-01-01,,initial
5000145279000,BATCH-10414,Metformin 500mg,2026-01-01,,initial
5000147531240,BATCH-10415,Amoxicillin 500mg,2026-01-01,,initial
5000161121302,BATCH-10416,Sertraline 50mg,2026-01-01,2026-03-15,initial
5000130072000,BATCH-10416,Sertraline 50mg,2026-03-15,,new lot
5000150269906,BATCH-10417,Metformin 500mg,2026-01-01,,initial
5000170378491,BATCH-10418,Sertraline 50mg,2026-01-01,,initial
5000157122567,BATCH-10419,Salbutamol Inhaler,2026-01-01,,initial
5000178510704,BATCH-10420,Sertraline 50mg,2026-01-01,,initial
5000194728082,BATCH-10421,Amoxicillin 500mg,2026-01-01,,initial
5000196522692,BATCH-10422,Levothyroxine 50mcg,2026-01-01,,initial
5000198855162,BATCH-10423,Amoxicillin 500mg,2026-01-01,,initial
5000180327779,BATCH-10424,Atorvastatin 20mg,2026-01-01,,initial
5000169479985,BATCH-10425,Atorvastatin 20mg,2026-01-01,,initial
5000146562845,BATCH-10426,Amlodipine 5mg,2026-01-01,,initial
5000195870691,BATCH-10427,Amlodipine 5mg,2026-01-01,,initial
5000130900054,BATCH-10428,Salbutamol Inhaler,2026-01-01,,initial
5000111225756,BATCH-10429,Metformin 500mg,2026-01-01,,initial
5000143540489,BATCH-10430,Salbutamol Inhaler,2026-01-01,2026-03-15,initial
5000196703417,BATCH-10430,Salbutamol Inhaler,2026-03-15,,new lot
5000197034430,BATCH-10431,Levothyroxine 50mcg,2026-01-01,,initial
5000193584597,BATCH-10432,Salbutamol Inhaler,2026-01-01,,initial
5000168843284,BATCH-10433,Ramipril 5mg,2026-01-01,,initial
5000114259684,BATCH-10434,Omeprazole 20mg,2026-01-01,,initial
5000111693222,BATCH-10435,Amlodipine 5mg,2026-01-01,2026-03-15,initial
5000143415162,BATCH-10435,Amlodipine 5mg,2026-03-15,,new lot
5000151890609,BATCH-10436,Amoxicillin 500mg,2026-01-01,,initial
5000116991067,BATCH-10437,Amlodipine 5mg,2026-01-01,,initial
5000163124490,BATCH-10438,Omeprazole 20mg,2026-01-01,,initial
5000131165928,BATCH-10439,Metformin 500mg,2026-01-01,,initial
5000124413864,BATCH-10440,Sertraline 50mg,2026-01-01,2026-03-15,initial
5000141229060,BATCH-10440,Sertraline 50mg,2026-03-15,,label correction
5000143647879,BATCH-10441,Warfarin 5mg,2026-01-01,,initial
5000153443711,BATCH-10442,Amoxicillin 500mg,2026-01-01,,initial
5000195634408,BATCH-10443,Salbutamol Inhaler,2026-01-01,,initial
5000135483846,BATCH-10444,Amlodipine 5mg,2026-01-01,,initial
5000118949617,BATCH-10445,Amoxicillin 500mg,2026-01-01,2026-03-15,initial
5000127418007,BATCH-10445,Amoxicillin 500mg,2026-03-15,,FMD serialisation
5000193747900,BATCH-10446,Metformin 500mg,2026-01-01,,initial
5000172821834,BATCH-10447,Salbutamol Inhaler,2026-01-01,,initial
5000181003974,BATCH-10448,Metformin 500mg,2026-01-01,2026-03-15,initial
5000119447334,BATCH-10448,Metformin 500mg,2026-03-15,,label correction
5000180624297,BATCH-10449,Atorvastatin 20mg,2026-01-01,,initial
5000171568435,BATCH-10450,Sertraline 50mg,2026-01-01,,initial
5000169460086,BATCH-10451,Levothyroxine 50mcg,2026-01-01,,initial
5000185584002,BATCH-10452,Ramipril 5mg,2026-01-01,,initial
5000112188077,BATCH-10453,Levothyroxine 50mcg,2026-01-01,,initial
5000184668420,BATCH-10454,Salbutamol Inhaler,2026-01-01,,initial
5000141271945,BATCH-10455,Sertraline 50mg,2026-01-01,,initial
5000175535348,BATCH-10456,Salbutamol Inhaler,2026-01-01,,initial
5000156698401,BATCH-10457,Sertraline 50mg,2026-01-01,,initial
5000194851591,BATCH-10458,Levothyroxine 50mcg,2026-01-01,,initial
5000162731823,BATCH-10459,Salbutamol Inhaler,2026-01-01,,initial
5000186697457,BATCH-10460,Sertraline 50mg,2026-01-01,,initial
5000136589676,BATCH-10461,Warfarin 5mg,2026-01-01,,initial
5000153407575,BATCH-10462,Sertraline 50mg,2026-01-01,,initial
5000197967622,BATCH-10463,Sertraline 50mg,2026-01-01,2026-03-15,initial
5000150912093,BATCH-10463,Sertraline 50mg,2026-03-15,,FMD serialisation
5000121517819,BATCH-10464,Ramipril 5mg,2026-01-01,2026-03-15,initial
5000117319968,BATCH-10464,Ramipril 5mg,2026-03-15,,FMD serialisation
5000173242092,BATCH-10465,Sertraline 50mg,2026-01-01,2026-03-15,initial
5000138052785,BATCH-10465,Sertraline 50mg,2026-03-15,,FMD serialisation
5000199057266,BATCH-10466,Omeprazole 20mg,2026-01-01,,initial
5000111118594,BATCH-10467,Salbutamol Inhaler,2026-01-01,2026-03-15,initial
5000198633740,BATCH-10467,Salbutamol Inhaler,2026-03-15,,label correction
5000152339783,BATCH-10468,Ramipril 5mg,2026-01-01,,initial
5000150926679,BATCH-10469,Sertraline 50mg,2026-01-01,,initial
5000118322800,BATCH-10470,Levothyroxine 50mcg,2026-01-01,,initial
5000161298971,BATCH-10471,Levothyroxine 50mcg,2026-01-01,,initial
5000182777382,BATCH-10472,Sertraline 50mg,2026-01-01,2026-03-15,initial
5000197573396,BATCH-10472,Sertraline 50mg,2026-03-15,,FMD serialisation
5000198077934,BATCH-10473,Sertraline 50mg,2026-01-01,,initial
5000165571528,BATCH-10474,Amlodipine 5mg,2026-01-01,,initial
5000134796255,BATCH-10475,Salbutamol Inhaler,2026-01-01,2026-03-15,initial
5000192138779,BATCH-10475,Salbutamol Inhaler,2026-03-15,,label correction
5000191163038,BATCH-10476,Sertraline 50mg,2026-01-01,,initial
5000112015179,BATCH-10477,Ramipril 5mg,2026-01-01,,initial
5000175759022,BATCH-10478,Levothyroxine 50mcg,2026-01-01,,initial
5000186763742,BATCH-10479,Amoxicillin 500mg,2026-01-01,,initial
5000163098035,BATCH-10480,Warfarin 5mg,2026-01-01,,initial
5000148374806,BATCH-10481,Metformin 500mg,2026-01-01,,initial
5000125189633,BATCH-10482,Levothyroxine 50mcg,2026-01-01,2026-03-15,initial
5000188577462,BATCH-10482,Levothyroxine 50mcg,2026-03-15,,FMD serialisation
5000143565477,BATCH-10483,Levothyroxine 50mcg,2026-01-01,,initial
5000192150984,BATCH-10484,Amlodipine 5mg,2026-01-01,,initial
5000129408873,BATCH-10485,Levothyroxine 50mcg,2026-01-01,2026-03-15,initial
5000116886777,BATCH-10485,Levothyroxine 50mcg,2026-03-15,,new lot
5000110474177,BATCH-10486,Salbutamol Inhaler,2026-01-01,,initial
5000189035763,BATCH-10487,Salbutamol Inhaler,2026-01-01,,initial
5000194374018,BATCH-10488,Amoxicillin 500mg,2026-01-01,,initial
5000150056146,BATCH-10489,Omeprazole 20mg,2026-01-01,,initial
5000185454146,BATCH-10490,Atorvastatin 20mg,2026-01-01,2026-03-15,initial
5000171114408,BATCH-10490,Atorvastatin 20mg,2026-03-15,,label correction
5000149303341,BATCH-10491,Metformin 500mg,2026-01-01,,initial
5000186687590,BATCH-10492,Atorvastatin 20mg,2026-01-01,,initial
5000144850980,BATCH-10493,Warfarin 5mg,2026-01-01,,initial
5000191793056,BATCH-10494,Sertraline 50mg,2026-01-01,,initial
5000165571661,BATCH-10495,Salbutamol Inhaler,2026-01-01,2026-03-15,initial
5000156929234,BATCH-10495,Salbutamol Inhaler,2026-03-15,,FMD serialisation
5000110822924,BATCH-10496,Metformin 500mg,2026-01-01,2026-03-15,initial
5000154732472,BATCH-10496,Metformin 500mg,2026-03-15,,label correction
5000196657974,BATCH-10497,Levothyroxine 50mcg,2026-01-01,2026-03-15,initial
5000130855594,BATCH-10497,Levothyroxine 50mcg,2026-03-15,,new lot
5000152346074,BATCH-10498,Warfarin 5mg,2026-01-01,,initial
5000155520266,BATCH-10499,Metformin 500mg,2026-01-01,,initial
5000114245067,BATCH-10500,Warfarin 5mg,2026-01-01,,initial
5000125063426,BATCH-10501,Atorvastatin 20mg,2026-01-01,,initial
5000155649583,BATCH-10502,Metformin 500mg,2026-01-01,,initial
5000114905998,BATCH-10503,Warfarin 5mg,2026-01-01,,initial
5000116192775,BATCH-10504,Warfarin 5mg,2026-01-01,2026-03-15,initial
5000198447373,BATCH-10504,Warfarin 5mg,2026-03-15,,label correction
5000169205536,BATCH-10505,Metformin 500mg,2026-01-01,,initial
5000157018904,BATCH-10506,Salbutamol Inhaler,2026-01-01,,initial
5000155464764,BATCH-10507,Salbutamol Inhaler,2026-01-01,,initial
5000162602177,BATCH-10508,Metformin 500mg,2026-01-01,2026-03-15,initial
5000190010054,BATCH-10508,Metformin 500mg,2026-03-15,,new lot
5000186207390,BATCH-10509,Sertraline 50mg,2026-01-01,2026-03-15,initial
5000172850928,BATCH-10509,Sertraline 50mg,2026-03-15,,repackaging
5000158781345,BATCH-10510,Amoxicillin 500mg,2026-01-01,,initial
5000147883942,BATCH-10511,Ramipril 5mg,2026-01-01,,initial
5000181503899,BATCH-10512,Sertraline 50mg,2026-01-01,,initial
5000189318677,BATCH-10513,Sertraline 50mg,2026-01-01,,initial
5000189478790,BATCH-10514,Levothyroxine 50mcg,2026-01-01,,initial
5000153943990,BATCH-10515,Ramipril 5mg,2026-01-01,,initial
5000170797197,BATCH-10516,Metformin 500mg,2026-01-01,,initial
5000156206415,BATCH-10517,Levothyroxine 50mcg,2026-01-01,,initial
5000183670115,BATCH-10518,Sertraline 50mg,2026-01-01,,initial
5000161377152,BATCH-10519,Metformin 500mg,2026-01-01,,initial
5000148717904,BATCH-10520,Levothyroxine 50mcg,2026-01-01,,initial
5000128417392,BATCH-10521,Amlodipine 5mg,2026-01-01,,initial
5000184094900,BATCH-10522,Levothyroxine 50mcg,2026-01-01,,initial
5000165141717,BATCH-10523,Levothyroxine 50mcg,2026-01-01,,initial
5000120745888,BATCH-10524,Sertraline 50mg,2026-01-01,2026-03-15,initial
5000180653292,BATCH-10524,Sertraline 50mg,2026-03-15,,label correction
5000151943002,BATCH-10525,Amoxicillin 500mg,2026-01-01,,initial
5000149542951,BATCH-10526,Ramipril 5mg,2026-01-01,,initial
5000116928303,BATCH-10527,Metformin 500mg,2026-01-01,,initial
5000192650976,BATCH-10528,Salbutamol Inhaler,2026-01-01,,initial
5000145064728,BATCH-10529,Salbutamol Inhaler,2026-01-01,,initial
5000130689702,BATCH-10530,Omeprazole 20mg,2026-01-01,,initial
5000196202825,BATCH-10531,Levothyroxine 50mcg,2026-01-01,,initial
5000162354374,BATCH-10532,Atorvastatin 20mg,2026-01-01,,initial
5000115505291,BATCH-10533,Amlodipine 5mg,2026-01-01,2026-03-15,initial
5000181308986,BATCH-10533,Amlodipine 5mg,2026-03-15,,label correction
5000142453439,BATCH-10534,Levothyroxine 50mcg,2026-01-01,,initial
5000111605433,BATCH-10535,Sertraline 50mg,2026-01-01,,initial
5000193134088,BATCH-10536,Warfarin 5mg,2026-01-01,2026-03-15,initial
5000189743930,BATCH-10536,Warfarin 5mg,2026-03-15,,FMD serialisation
5000124877375,BATCH-10537,Sertraline 50mg,2026-01-01,,initial
5000144539133,BATCH-10538,Salbutamol Inhaler,2026-01-01,2026-03-15,initial
5000119931717,BATCH-10538,Salbutamol Inhaler,2026-03-15,,label correction
5000136933352,BATCH-10539,Metformin 500mg,2026-01-01,,initial
5000144761889,BATCH-10540,Amlodipine 5mg,2026-01-01,2026-03-15,initial
5000119787090,BATCH-10540,Amlodipine 5mg,2026-03-15,,repackaging
5000145760499,BATCH-10541,Sertraline 50mg,2026-01-01,2026-03-15,initial
5000154269149,BATCH-10541,Sertraline 50mg,2026-03-15,,new lot
5000140312650,BATCH-10542,Sertraline 50mg,2026-01-01,2026-03-15,initial
5000174701849,BATCH-10542,Sertraline 50mg,2026-03-15,,repackaging
5000155642455,BATCH-10543,Sertraline 50mg,2026-01-01,2026-03-15,initial
5000171691749,BATCH-10543,Sertraline 50mg,2026-03-15,,label correction
5000158219211,BATCH-10544,Omeprazole 20mg,2026-01-01,,initial
5000182551667,BATCH-10545,Amoxicillin 500mg,2026-01-01,,initial
5000138410963,BATCH-10546,Amoxicillin 500mg,2026-01-01,,initial
5000119668169,BATCH-10547,Warfarin 5mg,2026-01-01,2026-03-15,initial
5000129003951,BATCH-10547,Warfarin 5mg,2026-03-15,,new lot
5000194914383,BATCH-10548,Metformin 500mg,2026-01-01,2026-03-15,initial
5000151250118,BATCH-10548,Metformin 500mg,2026-03-15,,repackaging
5000139604743,BATCH-10549,Amoxicillin 500mg,2026-01-01,2026-03-15,initial
5000137198033,BATCH-10549,Amoxicillin 500mg,2026-03-15,,new lot
5000116118522,BATCH-10550,Ramipril 5mg,2026-01-01,,initial
5000168876111,BATCH-10551,Ramipril 5mg,2026-01-01,,initial
5000120834405,BATCH-10552,Sertraline 50mg,2026-01-01,2026-03-15,initial
5000134080385,BATCH-10552,Sertraline 50mg,2026-03-15,,repackaging
5000195875952,BATCH-10553,Sertraline 50mg,2026-01-01,,initial
5000121814004,BATCH-10554,Amoxicillin 500mg,2026-01-01,,initial
5000178120967,BATCH-10555,Salbutamol Inhaler,2026-01-01,,initial
5000131442569,BATCH-10556,Omeprazole 20mg,2026-01-01,,initial
5000124015162,BATCH-10557,Metformin 500mg,2026-01-01,,initial
5000187814308,BATCH-10558,Warfarin 5mg,2026-01-01,,initial
5000139616854,BATCH-10559,Omeprazole 20mg,2026-01-01,2026-03-15,initial
5000188529753,BATCH-10559,Omeprazole 20mg,2026-03-15,,new lot
5000136059032,BATCH-10560,Metformin 500mg,2026-01-01,,initial
5000171549421,BATCH-10561,Salbutamol Inhaler,2026-01-01,,initial
5000140830120,BATCH-10562,Ramipril 5mg,2026-01-01,2026-03-15,initial
5000180030620,BATCH-10562,Ramipril 5mg,2026-03-15,,new lot
5000168283876,BATCH-10563,Omeprazole 20mg,2026-01-01,,initial
5000167136170,BATCH-10564,Sertraline 50mg,2026-01-01,,initial
5000158104396,BATCH-10565,Amoxicillin 500mg,2026-01-01,,initial
5000171047698,BATCH-10566,Atorvastatin 20mg,2026-01-01,,initial
5000154681905,BATCH-10567,Amlodipine 5mg,2026-01-01,,initial
5000155056176,BATCH-10568,Salbutamol Inhaler,2026-01-01,,initial
5000133523992,BATCH-10569,Metformin 500mg,2026-01-01,,initial
5000138158070,BATCH-10570,Atorvastatin 20mg,2026-01-01,,initial
5000156335527,BATCH-10571,Omeprazole 20mg,2026-01-01,,initial
5000118808386,BATCH-10572,Warfarin 5mg,2026-01-01,2026-03-15,initial
5000171454824,BATCH-10572,Warfarin 5mg,2026-03-15,,repackaging
5000130199508,BATCH-10573,Atorvastatin 20mg,2026-01-01,,initial
5000196528081,BATCH-10574,Warfarin 5mg,2026-01-01,2026-03-15,initial
5000135375292,BATCH-10574,Warfarin 5mg,2026-03-15,,repackaging
5000189639062,BATCH-10575,Metformin 500mg,2026-01-01,,initial
5000159915883,BATCH-10576,Warfarin 5mg,2026-01-01,,initial
5000133536332,BATCH-10577,Metformin 500mg,2026-01-01,,initial
5000137535486,BATCH-10578,Amlodipine 5mg,2026-01-01,,initial
5000164299436,BATCH-10579,Metformin 500mg,2026-01-01,,initial
5000148899945,BATCH-10580,Amlodipine 5mg,2026-01-01,,initial
5000128713077,BATCH-10581,Sertraline 50mg,2026-01-01,,initial
5000191624673,BATCH-10582,Atorvastatin 20mg,2026-01-01,,initial
5000121727533,BATCH-10583,Sertraline 50mg,2026-01-01,,initial
5000167396933,BATCH-10584,Levothyroxine 50mcg,2026-01-01,,initial
5000169391930,BATCH-10585,Ramipril 5mg,2026-01-01,,initial
5000180504712,BATCH-10586,Levothyroxine 50mcg,2026-01-01,,initial
5000186224438,BATCH-10587,Atorvastatin 20mg,2026-01-01,,initial
5000176317044,BATCH-10588,Amlodipine 5mg,2026-01-01,,initial
5000199377391,BATCH-10589,Amoxicillin 500mg,2026-01-01,,initial
5000190381832,BATCH-10590,Levothyroxine 50mcg,2026-01-01,,initial
5000187210585,BATCH-10591,Sertraline 50mg,2026-01-01,2026-03-15,initial
5000144834491,BATCH-10591,Sertraline 50mg,2026-03-15,,FMD serialisation
5000158474537,BATCH-10592,Sertraline 50mg,2026-01-01,,initial
5000132432603,BATCH-10593,Ramipril 5mg,2026-01-01,,initial
5000111731095,BATCH-10594,Ramipril 5mg,2026-01-01,2026-03-15,initial
5000147771252,BATCH-10594,Ramipril 5mg,2026-03-15,,label correction
5000135288872,BATCH-10595,Amoxicillin 500mg,2026-01-01,,initial
5000151818682,BATCH-10596,Warfarin 5mg,2026-01-01,,initial
5000125917805,BATCH-10597,Amlodipine 5mg,2026-01-01,,initial
5000174995591,BATCH-10598,Amlodipine 5mg,2026-01-01,,initial
5000115809144,BATCH-10599,Metformin 500mg,2026-01-01,2026-03-15,initial
5000199601933,BATCH-10599,Metformin 500mg,2026-03-15,,repackaging
